-- phpMyAdmin SQL Dump
-- version 5.2.0
-- https://www.phpmyadmin.net/
--
-- Host: localhost:3306
-- Waktu pembuatan: 17 Jan 2023 pada 15.35
-- Versi server: 5.7.33
-- Versi PHP: 7.4.19

SET SQL_MODE = "NO_AUTO_VALUE_ON_ZERO";
START TRANSACTION;
SET time_zone = "+00:00";


/*!40101 SET @OLD_CHARACTER_SET_CLIENT=@@CHARACTER_SET_CLIENT */;
/*!40101 SET @OLD_CHARACTER_SET_RESULTS=@@CHARACTER_SET_RESULTS */;
/*!40101 SET @OLD_COLLATION_CONNECTION=@@COLLATION_CONNECTION */;
/*!40101 SET NAMES utf8mb4 */;

--
-- Database: `db_isan`
--

-- --------------------------------------------------------

--
-- Struktur dari tabel `alamat`
--

CREATE TABLE `alamat` (
  `id` bigint(20) UNSIGNED NOT NULL,
  `cities_id` int(11) NOT NULL,
  `detail` varchar(255) COLLATE utf8mb4_unicode_ci NOT NULL,
  `user_id` bigint(20) UNSIGNED NOT NULL,
  `created_at` timestamp NULL DEFAULT NULL,
  `updated_at` timestamp NULL DEFAULT NULL
) ENGINE=InnoDB DEFAULT CHARSET=utf8mb4 COLLATE=utf8mb4_unicode_ci;

--
-- Dumping data untuk tabel `alamat`
--

INSERT INTO `alamat` (`id`, `cities_id`, `detail`, `user_id`, `created_at`, `updated_at`) VALUES
(1, 135, 'Velit culpa in id', 2, '2022-12-28 05:44:04', '2022-12-28 05:44:04');

-- --------------------------------------------------------

--
-- Struktur dari tabel `alamat_toko`
--

CREATE TABLE `alamat_toko` (
  `id` bigint(20) UNSIGNED NOT NULL,
  `city_id` int(11) NOT NULL,
  `detail` varchar(255) COLLATE utf8mb4_unicode_ci NOT NULL,
  `created_at` timestamp NULL DEFAULT NULL,
  `updated_at` timestamp NULL DEFAULT NULL
) ENGINE=InnoDB DEFAULT CHARSET=utf8mb4 COLLATE=utf8mb4_unicode_ci;

--
-- Dumping data untuk tabel `alamat_toko`
--

INSERT INTO `alamat_toko` (`id`, `city_id`, `detail`, `created_at`, `updated_at`) VALUES
(1, 194, 'Autem aliquam atque', NULL, NULL);

-- --------------------------------------------------------

--
-- Struktur dari tabel `categories`
--

CREATE TABLE `categories` (
  `id` bigint(20) UNSIGNED NOT NULL,
  `name` varchar(255) COLLATE utf8mb4_unicode_ci NOT NULL,
  `created_at` timestamp NULL DEFAULT NULL,
  `updated_at` timestamp NULL DEFAULT NULL
) ENGINE=InnoDB DEFAULT CHARSET=utf8mb4 COLLATE=utf8mb4_unicode_ci;

--
-- Dumping data untuk tabel `categories`
--

INSERT INTO `categories` (`id`, `name`, `created_at`, `updated_at`) VALUES
(1, 'Baju', '2022-12-28 05:27:59', '2022-12-28 05:27:59'),
(2, 'Celana', '2022-12-28 05:28:08', '2022-12-28 05:28:08'),
(3, 'Jaket', '2022-12-28 05:28:52', '2022-12-28 05:28:52');

-- --------------------------------------------------------

--
-- Struktur dari tabel `cities`
--

CREATE TABLE `cities` (
  `id` bigint(20) UNSIGNED NOT NULL,
  `province_id` bigint(20) UNSIGNED NOT NULL,
  `city_id` bigint(20) UNSIGNED NOT NULL,
  `title` varchar(255) COLLATE utf8mb4_unicode_ci NOT NULL,
  `created_at` timestamp NULL DEFAULT NULL,
  `updated_at` timestamp NULL DEFAULT NULL
) ENGINE=InnoDB DEFAULT CHARSET=utf8mb4 COLLATE=utf8mb4_unicode_ci;

--
-- Dumping data untuk tabel `cities`
--

INSERT INTO `cities` (`id`, `province_id`, `city_id`, `title`, `created_at`, `updated_at`) VALUES
(1, 1, 17, 'Badung', '2022-12-28 05:18:56', '2022-12-28 05:18:56'),
(2, 1, 32, 'Bangli', '2022-12-28 05:18:56', '2022-12-28 05:18:56'),
(3, 1, 94, 'Buleleng', '2022-12-28 05:18:56', '2022-12-28 05:18:56'),
(4, 1, 114, 'Denpasar', '2022-12-28 05:18:56', '2022-12-28 05:18:56'),
(5, 1, 128, 'Gianyar', '2022-12-28 05:18:56', '2022-12-28 05:18:56'),
(6, 1, 161, 'Jembrana', '2022-12-28 05:18:56', '2022-12-28 05:18:56'),
(7, 1, 170, 'Karangasem', '2022-12-28 05:18:56', '2022-12-28 05:18:56'),
(8, 1, 197, 'Klungkung', '2022-12-28 05:18:56', '2022-12-28 05:18:56'),
(9, 1, 447, 'Tabanan', '2022-12-28 05:18:56', '2022-12-28 05:18:56'),
(10, 2, 27, 'Bangka', '2022-12-28 05:18:59', '2022-12-28 05:18:59'),
(11, 2, 28, 'Bangka Barat', '2022-12-28 05:18:59', '2022-12-28 05:18:59'),
(12, 2, 29, 'Bangka Selatan', '2022-12-28 05:18:59', '2022-12-28 05:18:59'),
(13, 2, 30, 'Bangka Tengah', '2022-12-28 05:18:59', '2022-12-28 05:18:59'),
(14, 2, 56, 'Belitung', '2022-12-28 05:18:59', '2022-12-28 05:18:59'),
(15, 2, 57, 'Belitung Timur', '2022-12-28 05:18:59', '2022-12-28 05:18:59'),
(16, 2, 334, 'Pangkal Pinang', '2022-12-28 05:18:59', '2022-12-28 05:18:59'),
(17, 3, 106, 'Cilegon', '2022-12-28 05:19:02', '2022-12-28 05:19:02'),
(18, 3, 232, 'Lebak', '2022-12-28 05:19:02', '2022-12-28 05:19:02'),
(19, 3, 331, 'Pandeglang', '2022-12-28 05:19:02', '2022-12-28 05:19:02'),
(20, 3, 402, 'Serang', '2022-12-28 05:19:02', '2022-12-28 05:19:02'),
(21, 3, 403, 'Serang', '2022-12-28 05:19:02', '2022-12-28 05:19:02'),
(22, 3, 455, 'Tangerang', '2022-12-28 05:19:02', '2022-12-28 05:19:02'),
(23, 3, 456, 'Tangerang', '2022-12-28 05:19:02', '2022-12-28 05:19:02'),
(24, 3, 457, 'Tangerang Selatan', '2022-12-28 05:19:02', '2022-12-28 05:19:02'),
(25, 4, 62, 'Bengkulu', '2022-12-28 05:19:04', '2022-12-28 05:19:04'),
(26, 4, 63, 'Bengkulu Selatan', '2022-12-28 05:19:04', '2022-12-28 05:19:04'),
(27, 4, 64, 'Bengkulu Tengah', '2022-12-28 05:19:04', '2022-12-28 05:19:04'),
(28, 4, 65, 'Bengkulu Utara', '2022-12-28 05:19:04', '2022-12-28 05:19:04'),
(29, 4, 175, 'Kaur', '2022-12-28 05:19:04', '2022-12-28 05:19:04'),
(30, 4, 183, 'Kepahiang', '2022-12-28 05:19:04', '2022-12-28 05:19:04'),
(31, 4, 233, 'Lebong', '2022-12-28 05:19:04', '2022-12-28 05:19:04'),
(32, 4, 294, 'Muko Muko', '2022-12-28 05:19:04', '2022-12-28 05:19:04'),
(33, 4, 379, 'Rejang Lebong', '2022-12-28 05:19:04', '2022-12-28 05:19:04'),
(34, 4, 397, 'Seluma', '2022-12-28 05:19:04', '2022-12-28 05:19:04'),
(35, 5, 39, 'Bantul', '2022-12-28 05:19:06', '2022-12-28 05:19:06'),
(36, 5, 135, 'Gunung Kidul', '2022-12-28 05:19:06', '2022-12-28 05:19:06'),
(37, 5, 210, 'Kulon Progo', '2022-12-28 05:19:06', '2022-12-28 05:19:06'),
(38, 5, 419, 'Sleman', '2022-12-28 05:19:06', '2022-12-28 05:19:06'),
(39, 5, 501, 'Yogyakarta', '2022-12-28 05:19:06', '2022-12-28 05:19:06'),
(40, 6, 151, 'Jakarta Barat', '2022-12-28 05:19:08', '2022-12-28 05:19:08'),
(41, 6, 152, 'Jakarta Pusat', '2022-12-28 05:19:08', '2022-12-28 05:19:08'),
(42, 6, 153, 'Jakarta Selatan', '2022-12-28 05:19:08', '2022-12-28 05:19:08'),
(43, 6, 154, 'Jakarta Timur', '2022-12-28 05:19:08', '2022-12-28 05:19:08'),
(44, 6, 155, 'Jakarta Utara', '2022-12-28 05:19:08', '2022-12-28 05:19:08'),
(45, 6, 189, 'Kepulauan Seribu', '2022-12-28 05:19:08', '2022-12-28 05:19:08'),
(46, 7, 77, 'Boalemo', '2022-12-28 05:19:10', '2022-12-28 05:19:10'),
(47, 7, 88, 'Bone Bolango', '2022-12-28 05:19:11', '2022-12-28 05:19:11'),
(48, 7, 129, 'Gorontalo', '2022-12-28 05:19:11', '2022-12-28 05:19:11'),
(49, 7, 130, 'Gorontalo', '2022-12-28 05:19:11', '2022-12-28 05:19:11'),
(50, 7, 131, 'Gorontalo Utara', '2022-12-28 05:19:11', '2022-12-28 05:19:11'),
(51, 7, 361, 'Pohuwato', '2022-12-28 05:19:11', '2022-12-28 05:19:11'),
(52, 8, 50, 'Batang Hari', '2022-12-28 05:19:13', '2022-12-28 05:19:13'),
(53, 8, 97, 'Bungo', '2022-12-28 05:19:13', '2022-12-28 05:19:13'),
(54, 8, 156, 'Jambi', '2022-12-28 05:19:13', '2022-12-28 05:19:13'),
(55, 8, 194, 'Kerinci', '2022-12-28 05:19:13', '2022-12-28 05:19:13'),
(56, 8, 280, 'Merangin', '2022-12-28 05:19:13', '2022-12-28 05:19:13'),
(57, 8, 293, 'Muaro Jambi', '2022-12-28 05:19:13', '2022-12-28 05:19:13'),
(58, 8, 393, 'Sarolangun', '2022-12-28 05:19:13', '2022-12-28 05:19:13'),
(59, 8, 442, 'Sungaipenuh', '2022-12-28 05:19:14', '2022-12-28 05:19:14'),
(60, 8, 460, 'Tanjung Jabung Barat', '2022-12-28 05:19:14', '2022-12-28 05:19:14'),
(61, 8, 461, 'Tanjung Jabung Timur', '2022-12-28 05:19:14', '2022-12-28 05:19:14'),
(62, 8, 471, 'Tebo', '2022-12-28 05:19:14', '2022-12-28 05:19:14'),
(63, 9, 22, 'Bandung', '2022-12-28 05:19:16', '2022-12-28 05:19:16'),
(64, 9, 23, 'Bandung', '2022-12-28 05:19:16', '2022-12-28 05:19:16'),
(65, 9, 24, 'Bandung Barat', '2022-12-28 05:19:16', '2022-12-28 05:19:16'),
(66, 9, 34, 'Banjar', '2022-12-28 05:19:16', '2022-12-28 05:19:16'),
(67, 9, 54, 'Bekasi', '2022-12-28 05:19:16', '2022-12-28 05:19:16'),
(68, 9, 55, 'Bekasi', '2022-12-28 05:19:16', '2022-12-28 05:19:16'),
(69, 9, 78, 'Bogor', '2022-12-28 05:19:16', '2022-12-28 05:19:16'),
(70, 9, 79, 'Bogor', '2022-12-28 05:19:16', '2022-12-28 05:19:16'),
(71, 9, 103, 'Ciamis', '2022-12-28 05:19:16', '2022-12-28 05:19:16'),
(72, 9, 104, 'Cianjur', '2022-12-28 05:19:16', '2022-12-28 05:19:16'),
(73, 9, 107, 'Cimahi', '2022-12-28 05:19:16', '2022-12-28 05:19:16'),
(74, 9, 108, 'Cirebon', '2022-12-28 05:19:16', '2022-12-28 05:19:16'),
(75, 9, 109, 'Cirebon', '2022-12-28 05:19:16', '2022-12-28 05:19:16'),
(76, 9, 115, 'Depok', '2022-12-28 05:19:16', '2022-12-28 05:19:16'),
(77, 9, 126, 'Garut', '2022-12-28 05:19:16', '2022-12-28 05:19:16'),
(78, 9, 149, 'Indramayu', '2022-12-28 05:19:16', '2022-12-28 05:19:16'),
(79, 9, 171, 'Karawang', '2022-12-28 05:19:16', '2022-12-28 05:19:16'),
(80, 9, 211, 'Kuningan', '2022-12-28 05:19:16', '2022-12-28 05:19:16'),
(81, 9, 252, 'Majalengka', '2022-12-28 05:19:16', '2022-12-28 05:19:16'),
(82, 9, 332, 'Pangandaran', '2022-12-28 05:19:16', '2022-12-28 05:19:16'),
(83, 9, 376, 'Purwakarta', '2022-12-28 05:19:16', '2022-12-28 05:19:16'),
(84, 9, 428, 'Subang', '2022-12-28 05:19:16', '2022-12-28 05:19:16'),
(85, 9, 430, 'Sukabumi', '2022-12-28 05:19:16', '2022-12-28 05:19:16'),
(86, 9, 431, 'Sukabumi', '2022-12-28 05:19:16', '2022-12-28 05:19:16'),
(87, 9, 440, 'Sumedang', '2022-12-28 05:19:16', '2022-12-28 05:19:16'),
(88, 9, 468, 'Tasikmalaya', '2022-12-28 05:19:16', '2022-12-28 05:19:16'),
(89, 9, 469, 'Tasikmalaya', '2022-12-28 05:19:16', '2022-12-28 05:19:16'),
(90, 10, 37, 'Banjarnegara', '2022-12-28 05:19:18', '2022-12-28 05:19:18'),
(91, 10, 41, 'Banyumas', '2022-12-28 05:19:18', '2022-12-28 05:19:18'),
(92, 10, 49, 'Batang', '2022-12-28 05:19:18', '2022-12-28 05:19:18'),
(93, 10, 76, 'Blora', '2022-12-28 05:19:18', '2022-12-28 05:19:18'),
(94, 10, 91, 'Boyolali', '2022-12-28 05:19:18', '2022-12-28 05:19:18'),
(95, 10, 92, 'Brebes', '2022-12-28 05:19:18', '2022-12-28 05:19:18'),
(96, 10, 105, 'Cilacap', '2022-12-28 05:19:18', '2022-12-28 05:19:18'),
(97, 10, 113, 'Demak', '2022-12-28 05:19:18', '2022-12-28 05:19:18'),
(98, 10, 134, 'Grobogan', '2022-12-28 05:19:18', '2022-12-28 05:19:18'),
(99, 10, 163, 'Jepara', '2022-12-28 05:19:18', '2022-12-28 05:19:18'),
(100, 10, 169, 'Karanganyar', '2022-12-28 05:19:18', '2022-12-28 05:19:18'),
(101, 10, 177, 'Kebumen', '2022-12-28 05:19:18', '2022-12-28 05:19:18'),
(102, 10, 181, 'Kendal', '2022-12-28 05:19:18', '2022-12-28 05:19:18'),
(103, 10, 196, 'Klaten', '2022-12-28 05:19:18', '2022-12-28 05:19:18'),
(104, 10, 209, 'Kudus', '2022-12-28 05:19:18', '2022-12-28 05:19:18'),
(105, 10, 249, 'Magelang', '2022-12-28 05:19:19', '2022-12-28 05:19:19'),
(106, 10, 250, 'Magelang', '2022-12-28 05:19:19', '2022-12-28 05:19:19'),
(107, 10, 344, 'Pati', '2022-12-28 05:19:19', '2022-12-28 05:19:19'),
(108, 10, 348, 'Pekalongan', '2022-12-28 05:19:19', '2022-12-28 05:19:19'),
(109, 10, 349, 'Pekalongan', '2022-12-28 05:19:19', '2022-12-28 05:19:19'),
(110, 10, 352, 'Pemalang', '2022-12-28 05:19:19', '2022-12-28 05:19:19'),
(111, 10, 375, 'Purbalingga', '2022-12-28 05:19:19', '2022-12-28 05:19:19'),
(112, 10, 377, 'Purworejo', '2022-12-28 05:19:19', '2022-12-28 05:19:19'),
(113, 10, 380, 'Rembang', '2022-12-28 05:19:19', '2022-12-28 05:19:19'),
(114, 10, 386, 'Salatiga', '2022-12-28 05:19:19', '2022-12-28 05:19:19'),
(115, 10, 398, 'Semarang', '2022-12-28 05:19:19', '2022-12-28 05:19:19'),
(116, 10, 399, 'Semarang', '2022-12-28 05:19:19', '2022-12-28 05:19:19'),
(117, 10, 427, 'Sragen', '2022-12-28 05:19:19', '2022-12-28 05:19:19'),
(118, 10, 433, 'Sukoharjo', '2022-12-28 05:19:19', '2022-12-28 05:19:19'),
(119, 10, 445, 'Surakarta (Solo)', '2022-12-28 05:19:19', '2022-12-28 05:19:19'),
(120, 10, 472, 'Tegal', '2022-12-28 05:19:19', '2022-12-28 05:19:19'),
(121, 10, 473, 'Tegal', '2022-12-28 05:19:19', '2022-12-28 05:19:19'),
(122, 10, 476, 'Temanggung', '2022-12-28 05:19:19', '2022-12-28 05:19:19'),
(123, 10, 497, 'Wonogiri', '2022-12-28 05:19:19', '2022-12-28 05:19:19'),
(124, 10, 498, 'Wonosobo', '2022-12-28 05:19:19', '2022-12-28 05:19:19'),
(125, 11, 31, 'Bangkalan', '2022-12-28 05:19:21', '2022-12-28 05:19:21'),
(126, 11, 42, 'Banyuwangi', '2022-12-28 05:19:21', '2022-12-28 05:19:21'),
(127, 11, 51, 'Batu', '2022-12-28 05:19:21', '2022-12-28 05:19:21'),
(128, 11, 74, 'Blitar', '2022-12-28 05:19:21', '2022-12-28 05:19:21'),
(129, 11, 75, 'Blitar', '2022-12-28 05:19:21', '2022-12-28 05:19:21'),
(130, 11, 80, 'Bojonegoro', '2022-12-28 05:19:21', '2022-12-28 05:19:21'),
(131, 11, 86, 'Bondowoso', '2022-12-28 05:19:21', '2022-12-28 05:19:21'),
(132, 11, 133, 'Gresik', '2022-12-28 05:19:21', '2022-12-28 05:19:21'),
(133, 11, 160, 'Jember', '2022-12-28 05:19:21', '2022-12-28 05:19:21'),
(134, 11, 164, 'Jombang', '2022-12-28 05:19:21', '2022-12-28 05:19:21'),
(135, 11, 178, 'Kediri', '2022-12-28 05:19:22', '2022-12-28 05:19:22'),
(136, 11, 179, 'Kediri', '2022-12-28 05:19:22', '2022-12-28 05:19:22'),
(137, 11, 222, 'Lamongan', '2022-12-28 05:19:22', '2022-12-28 05:19:22'),
(138, 11, 243, 'Lumajang', '2022-12-28 05:19:22', '2022-12-28 05:19:22'),
(139, 11, 247, 'Madiun', '2022-12-28 05:19:22', '2022-12-28 05:19:22'),
(140, 11, 248, 'Madiun', '2022-12-28 05:19:22', '2022-12-28 05:19:22'),
(141, 11, 251, 'Magetan', '2022-12-28 05:19:22', '2022-12-28 05:19:22'),
(142, 11, 255, 'Malang', '2022-12-28 05:19:22', '2022-12-28 05:19:22'),
(143, 11, 256, 'Malang', '2022-12-28 05:19:22', '2022-12-28 05:19:22'),
(144, 11, 289, 'Mojokerto', '2022-12-28 05:19:22', '2022-12-28 05:19:22'),
(145, 11, 290, 'Mojokerto', '2022-12-28 05:19:22', '2022-12-28 05:19:22'),
(146, 11, 305, 'Nganjuk', '2022-12-28 05:19:22', '2022-12-28 05:19:22'),
(147, 11, 306, 'Ngawi', '2022-12-28 05:19:22', '2022-12-28 05:19:22'),
(148, 11, 317, 'Pacitan', '2022-12-28 05:19:22', '2022-12-28 05:19:22'),
(149, 11, 330, 'Pamekasan', '2022-12-28 05:19:22', '2022-12-28 05:19:22'),
(150, 11, 342, 'Pasuruan', '2022-12-28 05:19:22', '2022-12-28 05:19:22'),
(151, 11, 343, 'Pasuruan', '2022-12-28 05:19:22', '2022-12-28 05:19:22'),
(152, 11, 363, 'Ponorogo', '2022-12-28 05:19:22', '2022-12-28 05:19:22'),
(153, 11, 369, 'Probolinggo', '2022-12-28 05:19:22', '2022-12-28 05:19:22'),
(154, 11, 370, 'Probolinggo', '2022-12-28 05:19:22', '2022-12-28 05:19:22'),
(155, 11, 390, 'Sampang', '2022-12-28 05:19:22', '2022-12-28 05:19:22'),
(156, 11, 409, 'Sidoarjo', '2022-12-28 05:19:22', '2022-12-28 05:19:22'),
(157, 11, 418, 'Situbondo', '2022-12-28 05:19:22', '2022-12-28 05:19:22'),
(158, 11, 441, 'Sumenep', '2022-12-28 05:19:22', '2022-12-28 05:19:22'),
(159, 11, 444, 'Surabaya', '2022-12-28 05:19:22', '2022-12-28 05:19:22'),
(160, 11, 487, 'Trenggalek', '2022-12-28 05:19:23', '2022-12-28 05:19:23'),
(161, 11, 489, 'Tuban', '2022-12-28 05:19:23', '2022-12-28 05:19:23'),
(162, 11, 492, 'Tulungagung', '2022-12-28 05:19:23', '2022-12-28 05:19:23'),
(163, 12, 61, 'Bengkayang', '2022-12-28 05:19:25', '2022-12-28 05:19:25'),
(164, 12, 168, 'Kapuas Hulu', '2022-12-28 05:19:25', '2022-12-28 05:19:25'),
(165, 12, 176, 'Kayong Utara', '2022-12-28 05:19:25', '2022-12-28 05:19:25'),
(166, 12, 195, 'Ketapang', '2022-12-28 05:19:25', '2022-12-28 05:19:25'),
(167, 12, 208, 'Kubu Raya', '2022-12-28 05:19:25', '2022-12-28 05:19:25'),
(168, 12, 228, 'Landak', '2022-12-28 05:19:25', '2022-12-28 05:19:25'),
(169, 12, 279, 'Melawi', '2022-12-28 05:19:25', '2022-12-28 05:19:25'),
(170, 12, 364, 'Pontianak', '2022-12-28 05:19:25', '2022-12-28 05:19:25'),
(171, 12, 365, 'Pontianak', '2022-12-28 05:19:25', '2022-12-28 05:19:25'),
(172, 12, 388, 'Sambas', '2022-12-28 05:19:25', '2022-12-28 05:19:25'),
(173, 12, 391, 'Sanggau', '2022-12-28 05:19:25', '2022-12-28 05:19:25'),
(174, 12, 395, 'Sekadau', '2022-12-28 05:19:25', '2022-12-28 05:19:25'),
(175, 12, 415, 'Singkawang', '2022-12-28 05:19:25', '2022-12-28 05:19:25'),
(176, 12, 417, 'Sintang', '2022-12-28 05:19:25', '2022-12-28 05:19:25'),
(177, 13, 18, 'Balangan', '2022-12-28 05:19:27', '2022-12-28 05:19:27'),
(178, 13, 33, 'Banjar', '2022-12-28 05:19:27', '2022-12-28 05:19:27'),
(179, 13, 35, 'Banjarbaru', '2022-12-28 05:19:27', '2022-12-28 05:19:27'),
(180, 13, 36, 'Banjarmasin', '2022-12-28 05:19:27', '2022-12-28 05:19:27'),
(181, 13, 43, 'Barito Kuala', '2022-12-28 05:19:27', '2022-12-28 05:19:27'),
(182, 13, 143, 'Hulu Sungai Selatan', '2022-12-28 05:19:27', '2022-12-28 05:19:27'),
(183, 13, 144, 'Hulu Sungai Tengah', '2022-12-28 05:19:27', '2022-12-28 05:19:27'),
(184, 13, 145, 'Hulu Sungai Utara', '2022-12-28 05:19:27', '2022-12-28 05:19:27'),
(185, 13, 203, 'Kotabaru', '2022-12-28 05:19:27', '2022-12-28 05:19:27'),
(186, 13, 446, 'Tabalong', '2022-12-28 05:19:27', '2022-12-28 05:19:27'),
(187, 13, 452, 'Tanah Bumbu', '2022-12-28 05:19:27', '2022-12-28 05:19:27'),
(188, 13, 454, 'Tanah Laut', '2022-12-28 05:19:27', '2022-12-28 05:19:27'),
(189, 13, 466, 'Tapin', '2022-12-28 05:19:27', '2022-12-28 05:19:27'),
(190, 14, 44, 'Barito Selatan', '2022-12-28 05:19:29', '2022-12-28 05:19:29'),
(191, 14, 45, 'Barito Timur', '2022-12-28 05:19:29', '2022-12-28 05:19:29'),
(192, 14, 46, 'Barito Utara', '2022-12-28 05:19:29', '2022-12-28 05:19:29'),
(193, 14, 136, 'Gunung Mas', '2022-12-28 05:19:29', '2022-12-28 05:19:29'),
(194, 14, 167, 'Kapuas', '2022-12-28 05:19:29', '2022-12-28 05:19:29'),
(195, 14, 174, 'Katingan', '2022-12-28 05:19:29', '2022-12-28 05:19:29'),
(196, 14, 205, 'Kotawaringin Barat', '2022-12-28 05:19:29', '2022-12-28 05:19:29'),
(197, 14, 206, 'Kotawaringin Timur', '2022-12-28 05:19:29', '2022-12-28 05:19:29'),
(198, 14, 221, 'Lamandau', '2022-12-28 05:19:29', '2022-12-28 05:19:29'),
(199, 14, 296, 'Murung Raya', '2022-12-28 05:19:29', '2022-12-28 05:19:29'),
(200, 14, 326, 'Palangka Raya', '2022-12-28 05:19:29', '2022-12-28 05:19:29'),
(201, 14, 371, 'Pulang Pisau', '2022-12-28 05:19:29', '2022-12-28 05:19:29'),
(202, 14, 405, 'Seruyan', '2022-12-28 05:19:29', '2022-12-28 05:19:29'),
(203, 14, 432, 'Sukamara', '2022-12-28 05:19:29', '2022-12-28 05:19:29'),
(204, 15, 19, 'Balikpapan', '2022-12-28 05:19:31', '2022-12-28 05:19:31'),
(205, 15, 66, 'Berau', '2022-12-28 05:19:31', '2022-12-28 05:19:31'),
(206, 15, 89, 'Bontang', '2022-12-28 05:19:31', '2022-12-28 05:19:31'),
(207, 15, 214, 'Kutai Barat', '2022-12-28 05:19:31', '2022-12-28 05:19:31'),
(208, 15, 215, 'Kutai Kartanegara', '2022-12-28 05:19:31', '2022-12-28 05:19:31'),
(209, 15, 216, 'Kutai Timur', '2022-12-28 05:19:31', '2022-12-28 05:19:31'),
(210, 15, 341, 'Paser', '2022-12-28 05:19:31', '2022-12-28 05:19:31'),
(211, 15, 354, 'Penajam Paser Utara', '2022-12-28 05:19:31', '2022-12-28 05:19:31'),
(212, 15, 387, 'Samarinda', '2022-12-28 05:19:31', '2022-12-28 05:19:31'),
(213, 16, 96, 'Bulungan (Bulongan)', '2022-12-28 05:19:34', '2022-12-28 05:19:34'),
(214, 16, 257, 'Malinau', '2022-12-28 05:19:35', '2022-12-28 05:19:35'),
(215, 16, 311, 'Nunukan', '2022-12-28 05:19:35', '2022-12-28 05:19:35'),
(216, 16, 450, 'Tana Tidung', '2022-12-28 05:19:35', '2022-12-28 05:19:35'),
(217, 16, 467, 'Tarakan', '2022-12-28 05:19:35', '2022-12-28 05:19:35'),
(218, 17, 48, 'Batam', '2022-12-28 05:19:36', '2022-12-28 05:19:36'),
(219, 17, 71, 'Bintan', '2022-12-28 05:19:36', '2022-12-28 05:19:36'),
(220, 17, 172, 'Karimun', '2022-12-28 05:19:36', '2022-12-28 05:19:36'),
(221, 17, 184, 'Kepulauan Anambas', '2022-12-28 05:19:36', '2022-12-28 05:19:36'),
(222, 17, 237, 'Lingga', '2022-12-28 05:19:36', '2022-12-28 05:19:36'),
(223, 17, 302, 'Natuna', '2022-12-28 05:19:36', '2022-12-28 05:19:36'),
(224, 17, 462, 'Tanjung Pinang', '2022-12-28 05:19:36', '2022-12-28 05:19:36'),
(225, 18, 21, 'Bandar Lampung', '2022-12-28 05:19:38', '2022-12-28 05:19:38'),
(226, 18, 223, 'Lampung Barat', '2022-12-28 05:19:38', '2022-12-28 05:19:38'),
(227, 18, 224, 'Lampung Selatan', '2022-12-28 05:19:38', '2022-12-28 05:19:38'),
(228, 18, 225, 'Lampung Tengah', '2022-12-28 05:19:38', '2022-12-28 05:19:38'),
(229, 18, 226, 'Lampung Timur', '2022-12-28 05:19:38', '2022-12-28 05:19:38'),
(230, 18, 227, 'Lampung Utara', '2022-12-28 05:19:38', '2022-12-28 05:19:38'),
(231, 18, 282, 'Mesuji', '2022-12-28 05:19:38', '2022-12-28 05:19:38'),
(232, 18, 283, 'Metro', '2022-12-28 05:19:38', '2022-12-28 05:19:38'),
(233, 18, 355, 'Pesawaran', '2022-12-28 05:19:38', '2022-12-28 05:19:38'),
(234, 18, 356, 'Pesisir Barat', '2022-12-28 05:19:38', '2022-12-28 05:19:38'),
(235, 18, 368, 'Pringsewu', '2022-12-28 05:19:38', '2022-12-28 05:19:38'),
(236, 18, 458, 'Tanggamus', '2022-12-28 05:19:38', '2022-12-28 05:19:38'),
(237, 18, 490, 'Tulang Bawang', '2022-12-28 05:19:39', '2022-12-28 05:19:39'),
(238, 18, 491, 'Tulang Bawang Barat', '2022-12-28 05:19:39', '2022-12-28 05:19:39'),
(239, 18, 496, 'Way Kanan', '2022-12-28 05:19:39', '2022-12-28 05:19:39'),
(240, 19, 14, 'Ambon', '2022-12-28 05:19:42', '2022-12-28 05:19:42'),
(241, 19, 99, 'Buru', '2022-12-28 05:19:42', '2022-12-28 05:19:42'),
(242, 19, 100, 'Buru Selatan', '2022-12-28 05:19:42', '2022-12-28 05:19:42'),
(243, 19, 185, 'Kepulauan Aru', '2022-12-28 05:19:42', '2022-12-28 05:19:42'),
(244, 19, 258, 'Maluku Barat Daya', '2022-12-28 05:19:42', '2022-12-28 05:19:42'),
(245, 19, 259, 'Maluku Tengah', '2022-12-28 05:19:42', '2022-12-28 05:19:42'),
(246, 19, 260, 'Maluku Tenggara', '2022-12-28 05:19:42', '2022-12-28 05:19:42'),
(247, 19, 261, 'Maluku Tenggara Barat', '2022-12-28 05:19:42', '2022-12-28 05:19:42'),
(248, 19, 400, 'Seram Bagian Barat', '2022-12-28 05:19:42', '2022-12-28 05:19:42'),
(249, 19, 401, 'Seram Bagian Timur', '2022-12-28 05:19:42', '2022-12-28 05:19:42'),
(250, 19, 488, 'Tual', '2022-12-28 05:19:42', '2022-12-28 05:19:42'),
(251, 20, 138, 'Halmahera Barat', '2022-12-28 05:19:45', '2022-12-28 05:19:45'),
(252, 20, 139, 'Halmahera Selatan', '2022-12-28 05:19:45', '2022-12-28 05:19:45'),
(253, 20, 140, 'Halmahera Tengah', '2022-12-28 05:19:45', '2022-12-28 05:19:45'),
(254, 20, 141, 'Halmahera Timur', '2022-12-28 05:19:45', '2022-12-28 05:19:45'),
(255, 20, 142, 'Halmahera Utara', '2022-12-28 05:19:45', '2022-12-28 05:19:45'),
(256, 20, 191, 'Kepulauan Sula', '2022-12-28 05:19:45', '2022-12-28 05:19:45'),
(257, 20, 372, 'Pulau Morotai', '2022-12-28 05:19:45', '2022-12-28 05:19:45'),
(258, 20, 477, 'Ternate', '2022-12-28 05:19:45', '2022-12-28 05:19:45'),
(259, 20, 478, 'Tidore Kepulauan', '2022-12-28 05:19:45', '2022-12-28 05:19:45'),
(260, 21, 1, 'Aceh Barat', '2022-12-28 05:19:47', '2022-12-28 05:19:47'),
(261, 21, 2, 'Aceh Barat Daya', '2022-12-28 05:19:47', '2022-12-28 05:19:47'),
(262, 21, 3, 'Aceh Besar', '2022-12-28 05:19:47', '2022-12-28 05:19:47'),
(263, 21, 4, 'Aceh Jaya', '2022-12-28 05:19:47', '2022-12-28 05:19:47'),
(264, 21, 5, 'Aceh Selatan', '2022-12-28 05:19:47', '2022-12-28 05:19:47'),
(265, 21, 6, 'Aceh Singkil', '2022-12-28 05:19:47', '2022-12-28 05:19:47'),
(266, 21, 7, 'Aceh Tamiang', '2022-12-28 05:19:47', '2022-12-28 05:19:47'),
(267, 21, 8, 'Aceh Tengah', '2022-12-28 05:19:47', '2022-12-28 05:19:47'),
(268, 21, 9, 'Aceh Tenggara', '2022-12-28 05:19:47', '2022-12-28 05:19:47'),
(269, 21, 10, 'Aceh Timur', '2022-12-28 05:19:47', '2022-12-28 05:19:47'),
(270, 21, 11, 'Aceh Utara', '2022-12-28 05:19:47', '2022-12-28 05:19:47'),
(271, 21, 20, 'Banda Aceh', '2022-12-28 05:19:47', '2022-12-28 05:19:47'),
(272, 21, 59, 'Bener Meriah', '2022-12-28 05:19:47', '2022-12-28 05:19:47'),
(273, 21, 72, 'Bireuen', '2022-12-28 05:19:47', '2022-12-28 05:19:47'),
(274, 21, 127, 'Gayo Lues', '2022-12-28 05:19:47', '2022-12-28 05:19:47'),
(275, 21, 230, 'Langsa', '2022-12-28 05:19:47', '2022-12-28 05:19:47'),
(276, 21, 235, 'Lhokseumawe', '2022-12-28 05:19:47', '2022-12-28 05:19:47'),
(277, 21, 300, 'Nagan Raya', '2022-12-28 05:19:47', '2022-12-28 05:19:47'),
(278, 21, 358, 'Pidie', '2022-12-28 05:19:47', '2022-12-28 05:19:47'),
(279, 21, 359, 'Pidie Jaya', '2022-12-28 05:19:47', '2022-12-28 05:19:47'),
(280, 21, 384, 'Sabang', '2022-12-28 05:19:47', '2022-12-28 05:19:47'),
(281, 21, 414, 'Simeulue', '2022-12-28 05:19:47', '2022-12-28 05:19:47'),
(282, 21, 429, 'Subulussalam', '2022-12-28 05:19:47', '2022-12-28 05:19:47'),
(283, 22, 68, 'Bima', '2022-12-28 05:19:49', '2022-12-28 05:19:49'),
(284, 22, 69, 'Bima', '2022-12-28 05:19:50', '2022-12-28 05:19:50'),
(285, 22, 118, 'Dompu', '2022-12-28 05:19:50', '2022-12-28 05:19:50'),
(286, 22, 238, 'Lombok Barat', '2022-12-28 05:19:51', '2022-12-28 05:19:51'),
(287, 22, 239, 'Lombok Tengah', '2022-12-28 05:19:51', '2022-12-28 05:19:51'),
(288, 22, 240, 'Lombok Timur', '2022-12-28 05:19:51', '2022-12-28 05:19:51'),
(289, 22, 241, 'Lombok Utara', '2022-12-28 05:19:51', '2022-12-28 05:19:51'),
(290, 22, 276, 'Mataram', '2022-12-28 05:19:51', '2022-12-28 05:19:51'),
(291, 22, 438, 'Sumbawa', '2022-12-28 05:19:51', '2022-12-28 05:19:51'),
(292, 22, 439, 'Sumbawa Barat', '2022-12-28 05:19:51', '2022-12-28 05:19:51'),
(293, 23, 13, 'Alor', '2022-12-28 05:19:53', '2022-12-28 05:19:53'),
(294, 23, 58, 'Belu', '2022-12-28 05:19:53', '2022-12-28 05:19:53'),
(295, 23, 122, 'Ende', '2022-12-28 05:19:53', '2022-12-28 05:19:53'),
(296, 23, 125, 'Flores Timur', '2022-12-28 05:19:53', '2022-12-28 05:19:53'),
(297, 23, 212, 'Kupang', '2022-12-28 05:19:53', '2022-12-28 05:19:53'),
(298, 23, 213, 'Kupang', '2022-12-28 05:19:53', '2022-12-28 05:19:53'),
(299, 23, 234, 'Lembata', '2022-12-28 05:19:53', '2022-12-28 05:19:53'),
(300, 23, 269, 'Manggarai', '2022-12-28 05:19:53', '2022-12-28 05:19:53'),
(301, 23, 270, 'Manggarai Barat', '2022-12-28 05:19:53', '2022-12-28 05:19:53'),
(302, 23, 271, 'Manggarai Timur', '2022-12-28 05:19:53', '2022-12-28 05:19:53'),
(303, 23, 301, 'Nagekeo', '2022-12-28 05:19:53', '2022-12-28 05:19:53'),
(304, 23, 304, 'Ngada', '2022-12-28 05:19:53', '2022-12-28 05:19:53'),
(305, 23, 383, 'Rote Ndao', '2022-12-28 05:19:53', '2022-12-28 05:19:53'),
(306, 23, 385, 'Sabu Raijua', '2022-12-28 05:19:53', '2022-12-28 05:19:53'),
(307, 23, 412, 'Sikka', '2022-12-28 05:19:53', '2022-12-28 05:19:53'),
(308, 23, 434, 'Sumba Barat', '2022-12-28 05:19:53', '2022-12-28 05:19:53'),
(309, 23, 435, 'Sumba Barat Daya', '2022-12-28 05:19:53', '2022-12-28 05:19:53'),
(310, 23, 436, 'Sumba Tengah', '2022-12-28 05:19:53', '2022-12-28 05:19:53'),
(311, 23, 437, 'Sumba Timur', '2022-12-28 05:19:53', '2022-12-28 05:19:53'),
(312, 23, 479, 'Timor Tengah Selatan', '2022-12-28 05:19:53', '2022-12-28 05:19:53'),
(313, 23, 480, 'Timor Tengah Utara', '2022-12-28 05:19:53', '2022-12-28 05:19:53'),
(314, 24, 16, 'Asmat', '2022-12-28 05:19:55', '2022-12-28 05:19:55'),
(315, 24, 67, 'Biak Numfor', '2022-12-28 05:19:55', '2022-12-28 05:19:55'),
(316, 24, 90, 'Boven Digoel', '2022-12-28 05:19:55', '2022-12-28 05:19:55'),
(317, 24, 111, 'Deiyai (Deliyai)', '2022-12-28 05:19:55', '2022-12-28 05:19:55'),
(318, 24, 117, 'Dogiyai', '2022-12-28 05:19:55', '2022-12-28 05:19:55'),
(319, 24, 150, 'Intan Jaya', '2022-12-28 05:19:55', '2022-12-28 05:19:55'),
(320, 24, 157, 'Jayapura', '2022-12-28 05:19:55', '2022-12-28 05:19:55'),
(321, 24, 158, 'Jayapura', '2022-12-28 05:19:56', '2022-12-28 05:19:56'),
(322, 24, 159, 'Jayawijaya', '2022-12-28 05:19:56', '2022-12-28 05:19:56'),
(323, 24, 180, 'Keerom', '2022-12-28 05:19:56', '2022-12-28 05:19:56'),
(324, 24, 193, 'Kepulauan Yapen (Yapen Waropen)', '2022-12-28 05:19:56', '2022-12-28 05:19:56'),
(325, 24, 231, 'Lanny Jaya', '2022-12-28 05:19:56', '2022-12-28 05:19:56'),
(326, 24, 263, 'Mamberamo Raya', '2022-12-28 05:19:56', '2022-12-28 05:19:56'),
(327, 24, 264, 'Mamberamo Tengah', '2022-12-28 05:19:56', '2022-12-28 05:19:56'),
(328, 24, 274, 'Mappi', '2022-12-28 05:19:56', '2022-12-28 05:19:56'),
(329, 24, 281, 'Merauke', '2022-12-28 05:19:56', '2022-12-28 05:19:56'),
(330, 24, 284, 'Mimika', '2022-12-28 05:19:56', '2022-12-28 05:19:56'),
(331, 24, 299, 'Nabire', '2022-12-28 05:19:56', '2022-12-28 05:19:56'),
(332, 24, 303, 'Nduga', '2022-12-28 05:19:56', '2022-12-28 05:19:56'),
(333, 24, 335, 'Paniai', '2022-12-28 05:19:56', '2022-12-28 05:19:56'),
(334, 24, 347, 'Pegunungan Bintang', '2022-12-28 05:19:56', '2022-12-28 05:19:56'),
(335, 24, 373, 'Puncak', '2022-12-28 05:19:56', '2022-12-28 05:19:56'),
(336, 24, 374, 'Puncak Jaya', '2022-12-28 05:19:56', '2022-12-28 05:19:56'),
(337, 24, 392, 'Sarmi', '2022-12-28 05:19:56', '2022-12-28 05:19:56'),
(338, 24, 443, 'Supiori', '2022-12-28 05:19:56', '2022-12-28 05:19:56'),
(339, 24, 484, 'Tolikara', '2022-12-28 05:19:56', '2022-12-28 05:19:56'),
(340, 24, 495, 'Waropen', '2022-12-28 05:19:56', '2022-12-28 05:19:56'),
(341, 24, 499, 'Yahukimo', '2022-12-28 05:19:56', '2022-12-28 05:19:56'),
(342, 24, 500, 'Yalimo', '2022-12-28 05:19:56', '2022-12-28 05:19:56'),
(343, 25, 124, 'Fakfak', '2022-12-28 05:19:58', '2022-12-28 05:19:58'),
(344, 25, 165, 'Kaimana', '2022-12-28 05:19:58', '2022-12-28 05:19:58'),
(345, 25, 272, 'Manokwari', '2022-12-28 05:19:58', '2022-12-28 05:19:58'),
(346, 25, 273, 'Manokwari Selatan', '2022-12-28 05:19:58', '2022-12-28 05:19:58'),
(347, 25, 277, 'Maybrat', '2022-12-28 05:19:58', '2022-12-28 05:19:58'),
(348, 25, 346, 'Pegunungan Arfak', '2022-12-28 05:19:58', '2022-12-28 05:19:58'),
(349, 25, 378, 'Raja Ampat', '2022-12-28 05:19:58', '2022-12-28 05:19:58'),
(350, 25, 424, 'Sorong', '2022-12-28 05:19:58', '2022-12-28 05:19:58'),
(351, 25, 425, 'Sorong', '2022-12-28 05:19:58', '2022-12-28 05:19:58'),
(352, 25, 426, 'Sorong Selatan', '2022-12-28 05:19:58', '2022-12-28 05:19:58'),
(353, 25, 449, 'Tambrauw', '2022-12-28 05:19:58', '2022-12-28 05:19:58'),
(354, 25, 474, 'Teluk Bintuni', '2022-12-28 05:19:58', '2022-12-28 05:19:58'),
(355, 25, 475, 'Teluk Wondama', '2022-12-28 05:19:58', '2022-12-28 05:19:58'),
(356, 26, 60, 'Bengkalis', '2022-12-28 05:20:00', '2022-12-28 05:20:00'),
(357, 26, 120, 'Dumai', '2022-12-28 05:20:00', '2022-12-28 05:20:00'),
(358, 26, 147, 'Indragiri Hilir', '2022-12-28 05:20:00', '2022-12-28 05:20:00'),
(359, 26, 148, 'Indragiri Hulu', '2022-12-28 05:20:00', '2022-12-28 05:20:00'),
(360, 26, 166, 'Kampar', '2022-12-28 05:20:00', '2022-12-28 05:20:00'),
(361, 26, 187, 'Kepulauan Meranti', '2022-12-28 05:20:00', '2022-12-28 05:20:00'),
(362, 26, 207, 'Kuantan Singingi', '2022-12-28 05:20:00', '2022-12-28 05:20:00'),
(363, 26, 350, 'Pekanbaru', '2022-12-28 05:20:00', '2022-12-28 05:20:00'),
(364, 26, 351, 'Pelalawan', '2022-12-28 05:20:00', '2022-12-28 05:20:00'),
(365, 26, 381, 'Rokan Hilir', '2022-12-28 05:20:00', '2022-12-28 05:20:00'),
(366, 26, 382, 'Rokan Hulu', '2022-12-28 05:20:00', '2022-12-28 05:20:00'),
(367, 26, 406, 'Siak', '2022-12-28 05:20:00', '2022-12-28 05:20:00'),
(368, 27, 253, 'Majene', '2022-12-28 05:20:03', '2022-12-28 05:20:03'),
(369, 27, 262, 'Mamasa', '2022-12-28 05:20:03', '2022-12-28 05:20:03'),
(370, 27, 265, 'Mamuju', '2022-12-28 05:20:04', '2022-12-28 05:20:04'),
(371, 27, 266, 'Mamuju Utara', '2022-12-28 05:20:04', '2022-12-28 05:20:04'),
(372, 27, 362, 'Polewali Mandar', '2022-12-28 05:20:04', '2022-12-28 05:20:04'),
(373, 28, 38, 'Bantaeng', '2022-12-28 05:20:06', '2022-12-28 05:20:06'),
(374, 28, 47, 'Barru', '2022-12-28 05:20:06', '2022-12-28 05:20:06'),
(375, 28, 87, 'Bone', '2022-12-28 05:20:06', '2022-12-28 05:20:06'),
(376, 28, 95, 'Bulukumba', '2022-12-28 05:20:06', '2022-12-28 05:20:06'),
(377, 28, 123, 'Enrekang', '2022-12-28 05:20:06', '2022-12-28 05:20:06'),
(378, 28, 132, 'Gowa', '2022-12-28 05:20:06', '2022-12-28 05:20:06'),
(379, 28, 162, 'Jeneponto', '2022-12-28 05:20:06', '2022-12-28 05:20:06'),
(380, 28, 244, 'Luwu', '2022-12-28 05:20:06', '2022-12-28 05:20:06'),
(381, 28, 245, 'Luwu Timur', '2022-12-28 05:20:06', '2022-12-28 05:20:06'),
(382, 28, 246, 'Luwu Utara', '2022-12-28 05:20:06', '2022-12-28 05:20:06'),
(383, 28, 254, 'Makassar', '2022-12-28 05:20:06', '2022-12-28 05:20:06'),
(384, 28, 275, 'Maros', '2022-12-28 05:20:06', '2022-12-28 05:20:06'),
(385, 28, 328, 'Palopo', '2022-12-28 05:20:06', '2022-12-28 05:20:06'),
(386, 28, 333, 'Pangkajene Kepulauan', '2022-12-28 05:20:06', '2022-12-28 05:20:06'),
(387, 28, 336, 'Parepare', '2022-12-28 05:20:06', '2022-12-28 05:20:06'),
(388, 28, 360, 'Pinrang', '2022-12-28 05:20:06', '2022-12-28 05:20:06'),
(389, 28, 396, 'Selayar (Kepulauan Selayar)', '2022-12-28 05:20:06', '2022-12-28 05:20:06'),
(390, 28, 408, 'Sidenreng Rappang/Rapang', '2022-12-28 05:20:06', '2022-12-28 05:20:06'),
(391, 28, 416, 'Sinjai', '2022-12-28 05:20:06', '2022-12-28 05:20:06'),
(392, 28, 423, 'Soppeng', '2022-12-28 05:20:06', '2022-12-28 05:20:06'),
(393, 28, 448, 'Takalar', '2022-12-28 05:20:06', '2022-12-28 05:20:06'),
(394, 28, 451, 'Tana Toraja', '2022-12-28 05:20:06', '2022-12-28 05:20:06'),
(395, 28, 486, 'Toraja Utara', '2022-12-28 05:20:06', '2022-12-28 05:20:06'),
(396, 28, 493, 'Wajo', '2022-12-28 05:20:06', '2022-12-28 05:20:06'),
(397, 29, 25, 'Banggai', '2022-12-28 05:20:08', '2022-12-28 05:20:08'),
(398, 29, 26, 'Banggai Kepulauan', '2022-12-28 05:20:08', '2022-12-28 05:20:08'),
(399, 29, 98, 'Buol', '2022-12-28 05:20:08', '2022-12-28 05:20:08'),
(400, 29, 119, 'Donggala', '2022-12-28 05:20:08', '2022-12-28 05:20:08'),
(401, 29, 291, 'Morowali', '2022-12-28 05:20:08', '2022-12-28 05:20:08'),
(402, 29, 329, 'Palu', '2022-12-28 05:20:08', '2022-12-28 05:20:08'),
(403, 29, 338, 'Parigi Moutong', '2022-12-28 05:20:08', '2022-12-28 05:20:08'),
(404, 29, 366, 'Poso', '2022-12-28 05:20:08', '2022-12-28 05:20:08'),
(405, 29, 410, 'Sigi', '2022-12-28 05:20:08', '2022-12-28 05:20:08'),
(406, 29, 482, 'Tojo Una-Una', '2022-12-28 05:20:08', '2022-12-28 05:20:08'),
(407, 29, 483, 'Toli-Toli', '2022-12-28 05:20:08', '2022-12-28 05:20:08'),
(408, 30, 53, 'Bau-Bau', '2022-12-28 05:20:11', '2022-12-28 05:20:11'),
(409, 30, 85, 'Bombana', '2022-12-28 05:20:11', '2022-12-28 05:20:11'),
(410, 30, 101, 'Buton', '2022-12-28 05:20:11', '2022-12-28 05:20:11'),
(411, 30, 102, 'Buton Utara', '2022-12-28 05:20:11', '2022-12-28 05:20:11'),
(412, 30, 182, 'Kendari', '2022-12-28 05:20:11', '2022-12-28 05:20:11'),
(413, 30, 198, 'Kolaka', '2022-12-28 05:20:11', '2022-12-28 05:20:11'),
(414, 30, 199, 'Kolaka Utara', '2022-12-28 05:20:11', '2022-12-28 05:20:11'),
(415, 30, 200, 'Konawe', '2022-12-28 05:20:11', '2022-12-28 05:20:11'),
(416, 30, 201, 'Konawe Selatan', '2022-12-28 05:20:11', '2022-12-28 05:20:11'),
(417, 30, 202, 'Konawe Utara', '2022-12-28 05:20:11', '2022-12-28 05:20:11'),
(418, 30, 295, 'Muna', '2022-12-28 05:20:11', '2022-12-28 05:20:11'),
(419, 30, 494, 'Wakatobi', '2022-12-28 05:20:11', '2022-12-28 05:20:11'),
(420, 31, 73, 'Bitung', '2022-12-28 05:20:13', '2022-12-28 05:20:13'),
(421, 31, 81, 'Bolaang Mongondow (Bolmong)', '2022-12-28 05:20:13', '2022-12-28 05:20:13'),
(422, 31, 82, 'Bolaang Mongondow Selatan', '2022-12-28 05:20:13', '2022-12-28 05:20:13'),
(423, 31, 83, 'Bolaang Mongondow Timur', '2022-12-28 05:20:13', '2022-12-28 05:20:13'),
(424, 31, 84, 'Bolaang Mongondow Utara', '2022-12-28 05:20:13', '2022-12-28 05:20:13'),
(425, 31, 188, 'Kepulauan Sangihe', '2022-12-28 05:20:13', '2022-12-28 05:20:13'),
(426, 31, 190, 'Kepulauan Siau Tagulandang Biaro (Sitaro)', '2022-12-28 05:20:13', '2022-12-28 05:20:13'),
(427, 31, 192, 'Kepulauan Talaud', '2022-12-28 05:20:13', '2022-12-28 05:20:13'),
(428, 31, 204, 'Kotamobagu', '2022-12-28 05:20:13', '2022-12-28 05:20:13'),
(429, 31, 267, 'Manado', '2022-12-28 05:20:13', '2022-12-28 05:20:13'),
(430, 31, 285, 'Minahasa', '2022-12-28 05:20:13', '2022-12-28 05:20:13'),
(431, 31, 286, 'Minahasa Selatan', '2022-12-28 05:20:13', '2022-12-28 05:20:13'),
(432, 31, 287, 'Minahasa Tenggara', '2022-12-28 05:20:13', '2022-12-28 05:20:13'),
(433, 31, 288, 'Minahasa Utara', '2022-12-28 05:20:13', '2022-12-28 05:20:13'),
(434, 31, 485, 'Tomohon', '2022-12-28 05:20:13', '2022-12-28 05:20:13'),
(435, 32, 12, 'Agam', '2022-12-28 05:20:16', '2022-12-28 05:20:16'),
(436, 32, 93, 'Bukittinggi', '2022-12-28 05:20:16', '2022-12-28 05:20:16'),
(437, 32, 116, 'Dharmasraya', '2022-12-28 05:20:16', '2022-12-28 05:20:16'),
(438, 32, 186, 'Kepulauan Mentawai', '2022-12-28 05:20:16', '2022-12-28 05:20:16'),
(439, 32, 236, 'Lima Puluh Koto/Kota', '2022-12-28 05:20:16', '2022-12-28 05:20:16'),
(440, 32, 318, 'Padang', '2022-12-28 05:20:16', '2022-12-28 05:20:16'),
(441, 32, 321, 'Padang Panjang', '2022-12-28 05:20:16', '2022-12-28 05:20:16'),
(442, 32, 322, 'Padang Pariaman', '2022-12-28 05:20:16', '2022-12-28 05:20:16'),
(443, 32, 337, 'Pariaman', '2022-12-28 05:20:16', '2022-12-28 05:20:16'),
(444, 32, 339, 'Pasaman', '2022-12-28 05:20:16', '2022-12-28 05:20:16'),
(445, 32, 340, 'Pasaman Barat', '2022-12-28 05:20:16', '2022-12-28 05:20:16'),
(446, 32, 345, 'Payakumbuh', '2022-12-28 05:20:16', '2022-12-28 05:20:16'),
(447, 32, 357, 'Pesisir Selatan', '2022-12-28 05:20:16', '2022-12-28 05:20:16'),
(448, 32, 394, 'Sawah Lunto', '2022-12-28 05:20:16', '2022-12-28 05:20:16'),
(449, 32, 411, 'Sijunjung (Sawah Lunto Sijunjung)', '2022-12-28 05:20:16', '2022-12-28 05:20:16'),
(450, 32, 420, 'Solok', '2022-12-28 05:20:16', '2022-12-28 05:20:16'),
(451, 32, 421, 'Solok', '2022-12-28 05:20:16', '2022-12-28 05:20:16'),
(452, 32, 422, 'Solok Selatan', '2022-12-28 05:20:16', '2022-12-28 05:20:16'),
(453, 32, 453, 'Tanah Datar', '2022-12-28 05:20:16', '2022-12-28 05:20:16'),
(454, 33, 40, 'Banyuasin', '2022-12-28 05:20:18', '2022-12-28 05:20:18'),
(455, 33, 121, 'Empat Lawang', '2022-12-28 05:20:18', '2022-12-28 05:20:18'),
(456, 33, 220, 'Lahat', '2022-12-28 05:20:18', '2022-12-28 05:20:18'),
(457, 33, 242, 'Lubuk Linggau', '2022-12-28 05:20:18', '2022-12-28 05:20:18'),
(458, 33, 292, 'Muara Enim', '2022-12-28 05:20:18', '2022-12-28 05:20:18'),
(459, 33, 297, 'Musi Banyuasin', '2022-12-28 05:20:19', '2022-12-28 05:20:19'),
(460, 33, 298, 'Musi Rawas', '2022-12-28 05:20:19', '2022-12-28 05:20:19'),
(461, 33, 312, 'Ogan Ilir', '2022-12-28 05:20:19', '2022-12-28 05:20:19'),
(462, 33, 313, 'Ogan Komering Ilir', '2022-12-28 05:20:19', '2022-12-28 05:20:19'),
(463, 33, 314, 'Ogan Komering Ulu', '2022-12-28 05:20:19', '2022-12-28 05:20:19'),
(464, 33, 315, 'Ogan Komering Ulu Selatan', '2022-12-28 05:20:19', '2022-12-28 05:20:19'),
(465, 33, 316, 'Ogan Komering Ulu Timur', '2022-12-28 05:20:19', '2022-12-28 05:20:19'),
(466, 33, 324, 'Pagar Alam', '2022-12-28 05:20:19', '2022-12-28 05:20:19'),
(467, 33, 327, 'Palembang', '2022-12-28 05:20:19', '2022-12-28 05:20:19'),
(468, 33, 367, 'Prabumulih', '2022-12-28 05:20:19', '2022-12-28 05:20:19'),
(469, 34, 15, 'Asahan', '2022-12-28 05:20:20', '2022-12-28 05:20:20'),
(470, 34, 52, 'Batu Bara', '2022-12-28 05:20:21', '2022-12-28 05:20:21'),
(471, 34, 70, 'Binjai', '2022-12-28 05:20:21', '2022-12-28 05:20:21'),
(472, 34, 110, 'Dairi', '2022-12-28 05:20:21', '2022-12-28 05:20:21'),
(473, 34, 112, 'Deli Serdang', '2022-12-28 05:20:21', '2022-12-28 05:20:21'),
(474, 34, 137, 'Gunungsitoli', '2022-12-28 05:20:21', '2022-12-28 05:20:21'),
(475, 34, 146, 'Humbang Hasundutan', '2022-12-28 05:20:21', '2022-12-28 05:20:21'),
(476, 34, 173, 'Karo', '2022-12-28 05:20:21', '2022-12-28 05:20:21'),
(477, 34, 217, 'Labuhan Batu', '2022-12-28 05:20:21', '2022-12-28 05:20:21'),
(478, 34, 218, 'Labuhan Batu Selatan', '2022-12-28 05:20:21', '2022-12-28 05:20:21'),
(479, 34, 219, 'Labuhan Batu Utara', '2022-12-28 05:20:21', '2022-12-28 05:20:21'),
(480, 34, 229, 'Langkat', '2022-12-28 05:20:21', '2022-12-28 05:20:21'),
(481, 34, 268, 'Mandailing Natal', '2022-12-28 05:20:21', '2022-12-28 05:20:21'),
(482, 34, 278, 'Medan', '2022-12-28 05:20:21', '2022-12-28 05:20:21'),
(483, 34, 307, 'Nias', '2022-12-28 05:20:21', '2022-12-28 05:20:21'),
(484, 34, 308, 'Nias Barat', '2022-12-28 05:20:21', '2022-12-28 05:20:21'),
(485, 34, 309, 'Nias Selatan', '2022-12-28 05:20:21', '2022-12-28 05:20:21'),
(486, 34, 310, 'Nias Utara', '2022-12-28 05:20:21', '2022-12-28 05:20:21'),
(487, 34, 319, 'Padang Lawas', '2022-12-28 05:20:21', '2022-12-28 05:20:21'),
(488, 34, 320, 'Padang Lawas Utara', '2022-12-28 05:20:21', '2022-12-28 05:20:21'),
(489, 34, 323, 'Padang Sidempuan', '2022-12-28 05:20:21', '2022-12-28 05:20:21'),
(490, 34, 325, 'Pakpak Bharat', '2022-12-28 05:20:21', '2022-12-28 05:20:21'),
(491, 34, 353, 'Pematang Siantar', '2022-12-28 05:20:21', '2022-12-28 05:20:21'),
(492, 34, 389, 'Samosir', '2022-12-28 05:20:22', '2022-12-28 05:20:22'),
(493, 34, 404, 'Serdang Bedagai', '2022-12-28 05:20:22', '2022-12-28 05:20:22'),
(494, 34, 407, 'Sibolga', '2022-12-28 05:20:22', '2022-12-28 05:20:22'),
(495, 34, 413, 'Simalungun', '2022-12-28 05:20:22', '2022-12-28 05:20:22'),
(496, 34, 459, 'Tanjung Balai', '2022-12-28 05:20:22', '2022-12-28 05:20:22'),
(497, 34, 463, 'Tapanuli Selatan', '2022-12-28 05:20:22', '2022-12-28 05:20:22'),
(498, 34, 464, 'Tapanuli Tengah', '2022-12-28 05:20:22', '2022-12-28 05:20:22'),
(499, 34, 465, 'Tapanuli Utara', '2022-12-28 05:20:22', '2022-12-28 05:20:22'),
(500, 34, 470, 'Tebing Tinggi', '2022-12-28 05:20:22', '2022-12-28 05:20:22'),
(501, 34, 481, 'Toba Samosir', '2022-12-28 05:20:22', '2022-12-28 05:20:22');

-- --------------------------------------------------------

--
-- Struktur dari tabel `couriers`
--

CREATE TABLE `couriers` (
  `id` bigint(20) UNSIGNED NOT NULL,
  `code` varchar(255) COLLATE utf8mb4_unicode_ci NOT NULL,
  `title` varchar(255) COLLATE utf8mb4_unicode_ci NOT NULL,
  `created_at` timestamp NULL DEFAULT NULL,
  `updated_at` timestamp NULL DEFAULT NULL
) ENGINE=InnoDB DEFAULT CHARSET=utf8mb4 COLLATE=utf8mb4_unicode_ci;

--
-- Dumping data untuk tabel `couriers`
--

INSERT INTO `couriers` (`id`, `code`, `title`, `created_at`, `updated_at`) VALUES
(1, 'jne', 'JNE', NULL, NULL),
(2, 'pos', 'POS', NULL, NULL),
(3, 'tiki', 'TIKI', NULL, NULL);

-- --------------------------------------------------------

--
-- Struktur dari tabel `detail_order`
--

CREATE TABLE `detail_order` (
  `id` bigint(20) UNSIGNED NOT NULL,
  `order_id` bigint(20) UNSIGNED NOT NULL,
  `product_id` bigint(20) UNSIGNED NOT NULL,
  `qty` int(11) NOT NULL,
  `created_at` timestamp NULL DEFAULT NULL,
  `updated_at` timestamp NULL DEFAULT NULL
) ENGINE=InnoDB DEFAULT CHARSET=utf8mb4 COLLATE=utf8mb4_unicode_ci;

--
-- Dumping data untuk tabel `detail_order`
--

INSERT INTO `detail_order` (`id`, `order_id`, `product_id`, `qty`, `created_at`, `updated_at`) VALUES
(1, 1, 1, 1, '2022-12-28 05:54:08', '2022-12-28 05:54:08'),
(2, 2, 1, 1, '2022-12-28 05:55:47', '2022-12-28 05:55:47'),
(3, 3, 3, 1, '2022-12-30 08:35:01', '2022-12-30 08:35:01'),
(4, 4, 4, 1, '2022-12-30 09:04:58', '2022-12-30 09:04:58'),
(5, 5, 3, 4, '2022-12-30 09:27:05', '2022-12-30 09:27:05'),
(6, 6, 1, 1, '2023-01-04 11:33:45', '2023-01-04 11:33:45');

-- --------------------------------------------------------

--
-- Struktur dari tabel `failed_jobs`
--

CREATE TABLE `failed_jobs` (
  `id` bigint(20) UNSIGNED NOT NULL,
  `connection` text COLLATE utf8mb4_unicode_ci NOT NULL,
  `queue` text COLLATE utf8mb4_unicode_ci NOT NULL,
  `payload` longtext COLLATE utf8mb4_unicode_ci NOT NULL,
  `exception` longtext COLLATE utf8mb4_unicode_ci NOT NULL,
  `failed_at` timestamp NOT NULL DEFAULT CURRENT_TIMESTAMP
) ENGINE=InnoDB DEFAULT CHARSET=utf8mb4 COLLATE=utf8mb4_unicode_ci;

-- --------------------------------------------------------

--
-- Struktur dari tabel `keranjang`
--

CREATE TABLE `keranjang` (
  `id` bigint(20) UNSIGNED NOT NULL,
  `user_id` bigint(20) UNSIGNED NOT NULL,
  `products_id` bigint(20) UNSIGNED NOT NULL,
  `qty` int(11) NOT NULL,
  `created_at` timestamp NULL DEFAULT NULL,
  `updated_at` timestamp NULL DEFAULT NULL
) ENGINE=InnoDB DEFAULT CHARSET=utf8mb4 COLLATE=utf8mb4_unicode_ci;

-- --------------------------------------------------------

--
-- Struktur dari tabel `migrations`
--

CREATE TABLE `migrations` (
  `id` int(10) UNSIGNED NOT NULL,
  `migration` varchar(255) COLLATE utf8mb4_unicode_ci NOT NULL,
  `batch` int(11) NOT NULL
) ENGINE=InnoDB DEFAULT CHARSET=utf8mb4 COLLATE=utf8mb4_unicode_ci;

--
-- Dumping data untuk tabel `migrations`
--

INSERT INTO `migrations` (`id`, `migration`, `batch`) VALUES
(1, '2014_10_12_000000_create_users_table', 1),
(2, '2014_10_12_100000_create_password_resets_table', 1),
(3, '2019_08_19_000000_create_failed_jobs_table', 1),
(4, '2020_03_22_020309_create_provinces_table', 1),
(5, '2020_03_22_020319_create_cities_table', 1),
(6, '2020_03_22_020330_create_couriers_table', 1),
(7, '2020_03_22_074903_create_categories_tables', 1),
(8, '2020_03_22_074918_create_products_tables', 1),
(9, '2020_03_22_132305_create_alamat_tables', 1),
(10, '2020_03_22_132559_create_order_table', 1),
(11, '2020_03_22_132659_create_detail_order', 1),
(12, '2020_03_22_134342_create_status_order_table', 1),
(13, '2020_03_22_143238_add_stok_to_product', 1),
(14, '2020_03_22_150047_create_rekening_table', 1),
(15, '2020_03_22_150145_add_biaya_cod_to_order', 1),
(16, '2020_03_23_101813_add_keterangan_to_order', 1),
(17, '2020_03_23_101848_create_keranjang_table', 1),
(18, '2020_03_24_071526_add_bukti_telepon_to_order', 1),
(19, '2020_03_24_072038_add_pesan_to_order', 1),
(20, '2020_03_26_131136_create_alamat_toko_table', 1);

-- --------------------------------------------------------

--
-- Struktur dari tabel `order`
--

CREATE TABLE `order` (
  `id` bigint(20) UNSIGNED NOT NULL,
  `invoice` varchar(255) COLLATE utf8mb4_unicode_ci NOT NULL,
  `user_id` bigint(20) UNSIGNED NOT NULL,
  `subtotal` int(11) NOT NULL,
  `no_resi` varchar(255) COLLATE utf8mb4_unicode_ci DEFAULT NULL,
  `status_order_id` bigint(20) UNSIGNED NOT NULL,
  `metode_pembayaran` varchar(255) COLLATE utf8mb4_unicode_ci NOT NULL,
  `ongkir` int(11) NOT NULL,
  `created_at` timestamp NULL DEFAULT NULL,
  `updated_at` timestamp NULL DEFAULT NULL,
  `biaya_cod` int(11) NOT NULL DEFAULT '0',
  `no_hp` varchar(255) COLLATE utf8mb4_unicode_ci DEFAULT NULL,
  `bukti_pembayaran` varchar(255) COLLATE utf8mb4_unicode_ci DEFAULT NULL,
  `pesan` text COLLATE utf8mb4_unicode_ci
) ENGINE=InnoDB DEFAULT CHARSET=utf8mb4 COLLATE=utf8mb4_unicode_ci;

--
-- Dumping data untuk tabel `order`
--

INSERT INTO `order` (`id`, `invoice`, `user_id`, `subtotal`, `no_resi`, `status_order_id`, `metode_pembayaran`, `ongkir`, `created_at`, `updated_at`, `biaya_cod`, `no_hp`, `bukti_pembayaran`, `pesan`) VALUES
(1, 'ALV202212281253', 2, 793000, NULL, 6, 'trf', 45000, '2022-12-28 05:54:08', '2022-12-28 05:54:33', 0, NULL, NULL, NULL),
(2, 'ALV202212281255', 2, 793000, NULL, 2, 'cod', 45000, '2022-12-28 05:55:47', '2022-12-28 05:56:08', 10000, '0889656599', 'buktibayar/xIRQmHK9BnKHa7PQFYHwQBBTyeQVokbh0eqjWWm4.png', 'Anim dolores nulla r'),
(3, 'ALV202212300334', 2, 452000, NULL, 3, 'trf', 45000, '2022-12-30 08:35:01', '2022-12-30 08:37:13', 0, '08976543532', 'buktibayar/lA9jdzgQ8ZDPp8UbptqhX2KyoGImc1wCcEbGEbkz.jpg', 'Lorem Ipsum is simply dummy text of the printing and typesetting industry. Lorem Ipsum has been the industry\'s standard dummy text ever since the 1500s,'),
(4, 'ALV202212300404', 2, 45662, NULL, 2, 'trf', 45000, '2022-12-30 09:04:58', '2022-12-30 09:05:19', 0, '08976543532', 'buktibayar/7o8OHCTLqEg6Vwc4akcta5JsPFtAP9AutWcrTNzC.jpg', 'Lorem Ipsum is simply dummy text of the printing and'),
(5, 'ALV202212300426', 2, 1673000, NULL, 2, 'trf', 45000, '2022-12-30 09:27:05', '2022-12-30 09:28:04', 0, '08976543532', 'george-chatzhmhtrou-Kl5UvE3tv90-unsplash.jpg', 'Lorem Ipsum is simply dummy text of the printing and typesetting industry. Lorem Ipsum has been'),
(6, 'ALV202301040632', 2, 793000, NULL, 1, 'trf', 45000, '2023-01-04 11:33:45', '2023-01-04 11:33:45', 0, '08976543532', NULL, 'Lorem Ipsum is simply dummy text of the printing and typesetting industry. Lorem Ipsum has been the industry\'s standard dummy text ever since the 1500s');

-- --------------------------------------------------------

--
-- Struktur dari tabel `password_resets`
--

CREATE TABLE `password_resets` (
  `email` varchar(255) COLLATE utf8mb4_unicode_ci NOT NULL,
  `token` varchar(255) COLLATE utf8mb4_unicode_ci NOT NULL,
  `created_at` timestamp NULL DEFAULT NULL
) ENGINE=InnoDB DEFAULT CHARSET=utf8mb4 COLLATE=utf8mb4_unicode_ci;

-- --------------------------------------------------------

--
-- Struktur dari tabel `products`
--

CREATE TABLE `products` (
  `id` bigint(20) UNSIGNED NOT NULL,
  `name` varchar(255) COLLATE utf8mb4_unicode_ci NOT NULL,
  `description` text COLLATE utf8mb4_unicode_ci NOT NULL,
  `image` text COLLATE utf8mb4_unicode_ci NOT NULL,
  `price` int(11) NOT NULL,
  `weigth` int(11) NOT NULL,
  `categories_id` bigint(20) UNSIGNED NOT NULL,
  `created_at` timestamp NULL DEFAULT NULL,
  `updated_at` timestamp NULL DEFAULT NULL,
  `stok` int(11) NOT NULL DEFAULT '0'
) ENGINE=InnoDB DEFAULT CHARSET=utf8mb4 COLLATE=utf8mb4_unicode_ci;

--
-- Dumping data untuk tabel `products`
--

INSERT INTO `products` (`id`, `name`, `description`, `image`, `price`, `weigth`, `categories_id`, `created_at`, `updated_at`, `stok`) VALUES
(1, 'Price Wilkinson', 'Aut nesciunt sint p', 'hoodie.jpg', 748000, 2, 3, '2022-12-28 05:40:07', '2022-12-28 05:40:07', 22),
(2, 'Fitzgerald Hoffman', 'Accusantium rerum et', 'jaket2.jpg', 897000, 73, 3, '2022-12-28 05:40:38', '2022-12-28 05:40:38', 87),
(3, 'Naomi Pacheco', 'Temporibus quo irure', 'baju.jpg', 407000, 61, 1, '2022-12-28 05:41:04', '2022-12-28 05:41:04', 55),
(4, 'Medge Trujillo', 'Vitae debitis rem qu', 'baju2.png', 662, 32, 1, '2022-12-28 05:41:26', '2022-12-28 05:41:26', 83),
(5, 'Matthew Bender', 'Rerum dolorem obcaec', 'jaket.jpg', 790, 98, 3, '2022-12-28 05:41:45', '2022-12-28 05:41:45', 65);

-- --------------------------------------------------------

--
-- Struktur dari tabel `provinces`
--

CREATE TABLE `provinces` (
  `id` bigint(20) UNSIGNED NOT NULL,
  `province_id` bigint(20) UNSIGNED NOT NULL,
  `title` varchar(255) COLLATE utf8mb4_unicode_ci NOT NULL,
  `created_at` timestamp NULL DEFAULT NULL,
  `updated_at` timestamp NULL DEFAULT NULL
) ENGINE=InnoDB DEFAULT CHARSET=utf8mb4 COLLATE=utf8mb4_unicode_ci;

--
-- Dumping data untuk tabel `provinces`
--

INSERT INTO `provinces` (`id`, `province_id`, `title`, `created_at`, `updated_at`) VALUES
(1, 1, 'Bali', '2022-12-28 05:18:53', '2022-12-28 05:18:53'),
(2, 2, 'Bangka Belitung', '2022-12-28 05:18:56', '2022-12-28 05:18:56'),
(3, 3, 'Banten', '2022-12-28 05:18:59', '2022-12-28 05:18:59'),
(4, 4, 'Bengkulu', '2022-12-28 05:19:02', '2022-12-28 05:19:02'),
(5, 5, 'DI Yogyakarta', '2022-12-28 05:19:04', '2022-12-28 05:19:04'),
(6, 6, 'DKI Jakarta', '2022-12-28 05:19:06', '2022-12-28 05:19:06'),
(7, 7, 'Gorontalo', '2022-12-28 05:19:08', '2022-12-28 05:19:08'),
(8, 8, 'Jambi', '2022-12-28 05:19:11', '2022-12-28 05:19:11'),
(9, 9, 'Jawa Barat', '2022-12-28 05:19:14', '2022-12-28 05:19:14'),
(10, 10, 'Jawa Tengah', '2022-12-28 05:19:16', '2022-12-28 05:19:16'),
(11, 11, 'Jawa Timur', '2022-12-28 05:19:19', '2022-12-28 05:19:19'),
(12, 12, 'Kalimantan Barat', '2022-12-28 05:19:23', '2022-12-28 05:19:23'),
(13, 13, 'Kalimantan Selatan', '2022-12-28 05:19:25', '2022-12-28 05:19:25'),
(14, 14, 'Kalimantan Tengah', '2022-12-28 05:19:27', '2022-12-28 05:19:27'),
(15, 15, 'Kalimantan Timur', '2022-12-28 05:19:29', '2022-12-28 05:19:29'),
(16, 16, 'Kalimantan Utara', '2022-12-28 05:19:31', '2022-12-28 05:19:31'),
(17, 17, 'Kepulauan Riau', '2022-12-28 05:19:35', '2022-12-28 05:19:35'),
(18, 18, 'Lampung', '2022-12-28 05:19:36', '2022-12-28 05:19:36'),
(19, 19, 'Maluku', '2022-12-28 05:19:39', '2022-12-28 05:19:39'),
(20, 20, 'Maluku Utara', '2022-12-28 05:19:42', '2022-12-28 05:19:42'),
(21, 21, 'Nanggroe Aceh Darussalam (NAD)', '2022-12-28 05:19:45', '2022-12-28 05:19:45'),
(22, 22, 'Nusa Tenggara Barat (NTB)', '2022-12-28 05:19:47', '2022-12-28 05:19:47'),
(23, 23, 'Nusa Tenggara Timur (NTT)', '2022-12-28 05:19:51', '2022-12-28 05:19:51'),
(24, 24, 'Papua', '2022-12-28 05:19:53', '2022-12-28 05:19:53'),
(25, 25, 'Papua Barat', '2022-12-28 05:19:56', '2022-12-28 05:19:56'),
(26, 26, 'Riau', '2022-12-28 05:19:58', '2022-12-28 05:19:58'),
(27, 27, 'Sulawesi Barat', '2022-12-28 05:20:01', '2022-12-28 05:20:01'),
(28, 28, 'Sulawesi Selatan', '2022-12-28 05:20:04', '2022-12-28 05:20:04'),
(29, 29, 'Sulawesi Tengah', '2022-12-28 05:20:06', '2022-12-28 05:20:06'),
(30, 30, 'Sulawesi Tenggara', '2022-12-28 05:20:08', '2022-12-28 05:20:08'),
(31, 31, 'Sulawesi Utara', '2022-12-28 05:20:11', '2022-12-28 05:20:11'),
(32, 32, 'Sumatera Barat', '2022-12-28 05:20:13', '2022-12-28 05:20:13'),
(33, 33, 'Sumatera Selatan', '2022-12-28 05:20:16', '2022-12-28 05:20:16'),
(34, 34, 'Sumatera Utara', '2022-12-28 05:20:19', '2022-12-28 05:20:19');

-- --------------------------------------------------------

--
-- Struktur dari tabel `rekening`
--

CREATE TABLE `rekening` (
  `id` bigint(20) UNSIGNED NOT NULL,
  `bank_name` varchar(255) COLLATE utf8mb4_unicode_ci NOT NULL,
  `atas_nama` varchar(255) COLLATE utf8mb4_unicode_ci NOT NULL,
  `no_rekening` varchar(255) COLLATE utf8mb4_unicode_ci NOT NULL,
  `created_at` timestamp NULL DEFAULT NULL,
  `updated_at` timestamp NULL DEFAULT NULL
) ENGINE=InnoDB DEFAULT CHARSET=utf8mb4 COLLATE=utf8mb4_unicode_ci;

--
-- Dumping data untuk tabel `rekening`
--

INSERT INTO `rekening` (`id`, `bank_name`, `atas_nama`, `no_rekening`, `created_at`, `updated_at`) VALUES
(1, 'BRI', 'ThanksDreams', '12310823', NULL, NULL);

-- --------------------------------------------------------

--
-- Struktur dari tabel `status_order`
--

CREATE TABLE `status_order` (
  `id` bigint(20) UNSIGNED NOT NULL,
  `name` varchar(255) COLLATE utf8mb4_unicode_ci NOT NULL,
  `created_at` timestamp NULL DEFAULT NULL,
  `updated_at` timestamp NULL DEFAULT NULL
) ENGINE=InnoDB DEFAULT CHARSET=utf8mb4 COLLATE=utf8mb4_unicode_ci;

--
-- Dumping data untuk tabel `status_order`
--

INSERT INTO `status_order` (`id`, `name`, `created_at`, `updated_at`) VALUES
(1, 'Belum Bayar', NULL, NULL),
(2, 'Perlu Di Cek', NULL, NULL),
(3, 'Telah Di Bayar', NULL, NULL),
(4, 'Barang Di Kirim', NULL, NULL),
(5, 'Barang Telah Sampai', NULL, NULL),
(6, 'Pesanan Di Batalkan', NULL, NULL);

-- --------------------------------------------------------

--
-- Struktur dari tabel `users`
--

CREATE TABLE `users` (
  `id` bigint(20) UNSIGNED NOT NULL,
  `name` varchar(255) COLLATE utf8mb4_unicode_ci NOT NULL,
  `email` varchar(255) COLLATE utf8mb4_unicode_ci NOT NULL,
  `email_verified_at` timestamp NULL DEFAULT NULL,
  `password` varchar(255) COLLATE utf8mb4_unicode_ci NOT NULL,
  `role` varchar(30) COLLATE utf8mb4_unicode_ci NOT NULL,
  `remember_token` varchar(100) COLLATE utf8mb4_unicode_ci DEFAULT NULL,
  `created_at` timestamp NULL DEFAULT NULL,
  `updated_at` timestamp NULL DEFAULT NULL
) ENGINE=InnoDB DEFAULT CHARSET=utf8mb4 COLLATE=utf8mb4_unicode_ci;

--
-- Dumping data untuk tabel `users`
--

INSERT INTO `users` (`id`, `name`, `email`, `email_verified_at`, `password`, `role`, `remember_token`, `created_at`, `updated_at`) VALUES
(1, 'isanAdmin', 'isan@admin.com', NULL, '$2y$10$BlxvCaF3ZIRhWCfsXSZ.iOYuW8R6gV.EIcIKsNpb0A1pYjV8aSjm6', 'admin', NULL, NULL, NULL),
(2, 'isanUser', 'isan@User.com', NULL, '$2y$10$GZOfD4HuAJesEYLDnSSQZO4RhJk0hIRgbxIXLUrAulFBU1mSd./.u', 'customer', NULL, NULL, NULL);

--
-- Indexes for dumped tables
--

--
-- Indeks untuk tabel `alamat`
--
ALTER TABLE `alamat`
  ADD PRIMARY KEY (`id`);

--
-- Indeks untuk tabel `alamat_toko`
--
ALTER TABLE `alamat_toko`
  ADD PRIMARY KEY (`id`);

--
-- Indeks untuk tabel `categories`
--
ALTER TABLE `categories`
  ADD PRIMARY KEY (`id`);

--
-- Indeks untuk tabel `cities`
--
ALTER TABLE `cities`
  ADD PRIMARY KEY (`id`);

--
-- Indeks untuk tabel `couriers`
--
ALTER TABLE `couriers`
  ADD PRIMARY KEY (`id`);

--
-- Indeks untuk tabel `detail_order`
--
ALTER TABLE `detail_order`
  ADD PRIMARY KEY (`id`);

--
-- Indeks untuk tabel `failed_jobs`
--
ALTER TABLE `failed_jobs`
  ADD PRIMARY KEY (`id`);

--
-- Indeks untuk tabel `keranjang`
--
ALTER TABLE `keranjang`
  ADD PRIMARY KEY (`id`);

--
-- Indeks untuk tabel `migrations`
--
ALTER TABLE `migrations`
  ADD PRIMARY KEY (`id`);

--
-- Indeks untuk tabel `order`
--
ALTER TABLE `order`
  ADD PRIMARY KEY (`id`);

--
-- Indeks untuk tabel `password_resets`
--
ALTER TABLE `password_resets`
  ADD KEY `password_resets_email_index` (`email`);

--
-- Indeks untuk tabel `products`
--
ALTER TABLE `products`
  ADD PRIMARY KEY (`id`);

--
-- Indeks untuk tabel `provinces`
--
ALTER TABLE `provinces`
  ADD PRIMARY KEY (`id`);

--
-- Indeks untuk tabel `rekening`
--
ALTER TABLE `rekening`
  ADD PRIMARY KEY (`id`);

--
-- Indeks untuk tabel `status_order`
--
ALTER TABLE `status_order`
  ADD PRIMARY KEY (`id`);

--
-- Indeks untuk tabel `users`
--
ALTER TABLE `users`
  ADD PRIMARY KEY (`id`),
  ADD UNIQUE KEY `users_email_unique` (`email`);

--
-- AUTO_INCREMENT untuk tabel yang dibuang
--

--
-- AUTO_INCREMENT untuk tabel `alamat`
--
ALTER TABLE `alamat`
  MODIFY `id` bigint(20) UNSIGNED NOT NULL AUTO_INCREMENT, AUTO_INCREMENT=2;

--
-- AUTO_INCREMENT untuk tabel `alamat_toko`
--
ALTER TABLE `alamat_toko`
  MODIFY `id` bigint(20) UNSIGNED NOT NULL AUTO_INCREMENT, AUTO_INCREMENT=2;

--
-- AUTO_INCREMENT untuk tabel `categories`
--
ALTER TABLE `categories`
  MODIFY `id` bigint(20) UNSIGNED NOT NULL AUTO_INCREMENT, AUTO_INCREMENT=4;

--
-- AUTO_INCREMENT untuk tabel `cities`
--
ALTER TABLE `cities`
  MODIFY `id` bigint(20) UNSIGNED NOT NULL AUTO_INCREMENT, AUTO_INCREMENT=502;

--
-- AUTO_INCREMENT untuk tabel `couriers`
--
ALTER TABLE `couriers`
  MODIFY `id` bigint(20) UNSIGNED NOT NULL AUTO_INCREMENT, AUTO_INCREMENT=4;

--
-- AUTO_INCREMENT untuk tabel `detail_order`
--
ALTER TABLE `detail_order`
  MODIFY `id` bigint(20) UNSIGNED NOT NULL AUTO_INCREMENT, AUTO_INCREMENT=7;

--
-- AUTO_INCREMENT untuk tabel `failed_jobs`
--
ALTER TABLE `failed_jobs`
  MODIFY `id` bigint(20) UNSIGNED NOT NULL AUTO_INCREMENT;

--
-- AUTO_INCREMENT untuk tabel `keranjang`
--
ALTER TABLE `keranjang`
  MODIFY `id` bigint(20) UNSIGNED NOT NULL AUTO_INCREMENT;

--
-- AUTO_INCREMENT untuk tabel `migrations`
--
ALTER TABLE `migrations`
  MODIFY `id` int(10) UNSIGNED NOT NULL AUTO_INCREMENT, AUTO_INCREMENT=21;

--
-- AUTO_INCREMENT untuk tabel `order`
--
ALTER TABLE `order`
  MODIFY `id` bigint(20) UNSIGNED NOT NULL AUTO_INCREMENT, AUTO_INCREMENT=7;

--
-- AUTO_INCREMENT untuk tabel `products`
--
ALTER TABLE `products`
  MODIFY `id` bigint(20) UNSIGNED NOT NULL AUTO_INCREMENT, AUTO_INCREMENT=6;

--
-- AUTO_INCREMENT untuk tabel `provinces`
--
ALTER TABLE `provinces`
  MODIFY `id` bigint(20) UNSIGNED NOT NULL AUTO_INCREMENT, AUTO_INCREMENT=35;

--
-- AUTO_INCREMENT untuk tabel `rekening`
--
ALTER TABLE `rekening`
  MODIFY `id` bigint(20) UNSIGNED NOT NULL AUTO_INCREMENT, AUTO_INCREMENT=2;

--
-- AUTO_INCREMENT untuk tabel `status_order`
--
ALTER TABLE `status_order`
  MODIFY `id` bigint(20) UNSIGNED NOT NULL AUTO_INCREMENT, AUTO_INCREMENT=7;

--
-- AUTO_INCREMENT untuk tabel `users`
--
ALTER TABLE `users`
  MODIFY `id` bigint(20) UNSIGNED NOT NULL AUTO_INCREMENT, AUTO_INCREMENT=3;
COMMIT;

/*!40101 SET CHARACTER_SET_CLIENT=@OLD_CHARACTER_SET_CLIENT */;
/*!40101 SET CHARACTER_SET_RESULTS=@OLD_CHARACTER_SET_RESULTS */;
/*!40101 SET COLLATION_CONNECTION=@OLD_COLLATION_CONNECTION */;
